<?xml version="1.0" encoding="UTF-8"?>
<!DOCTYPE plist PUBLIC "-//Apple//DTD PLIST 1.0//EN" "http://www.apple.com/DTDs/PropertyList-1.0.dtd">
<plist version="1.0">
<dict>
	<key>files</key>
	<dict>
		<key>Resources/IOKit-10.10/IOUSBBus.h</key>
		<data>
		vMhcDXm8b7VAiKJuVuwjbgjOdY8=
		</data>
		<key>Resources/IOKit-10.10/IOUSBCommand.h</key>
		<data>
		piuiNyjvf4wWNYBNkJQ8HSwNOZU=
		</data>
		<key>Resources/IOKit-10.10/IOUSBController.h</key>
		<data>
		d5dmiovGP1psr3TsN+hdb/bRZ+0=
		</data>
		<key>Resources/IOKit-10.10/IOUSBControllerListElement.h</key>
		<data>
		e/bDFNnXaoeQXheQXiP4lHeJxv4=
		</data>
		<key>Resources/IOKit-10.10/IOUSBControllerV2.h</key>
		<data>
		4iiCDVYapkMELUxv4KvmPmh24Lo=
		</data>
		<key>Resources/IOKit-10.10/IOUSBControllerV3.h</key>
		<data>
		aXbg2q9XROsbQ6UNyZjgqCVh7kw=
		</data>
		<key>Resources/IOKit-10.10/IOUSBDevice.h</key>
		<data>
		jGjhxJPICVqblDVbDlp7S05oip4=
		</data>
		<key>Resources/IOKit-10.10/IOUSBHubDevice.h</key>
		<data>
		JXOAWyiBzAqq6lkq9UC+RP4F5DY=
		</data>
		<key>Resources/IOKit-10.10/IOUSBHubPolicyMaker.h</key>
		<data>
		yjcoq07KLjSiZ+8aRDWrMdPM1DU=
		</data>
		<key>Resources/IOKit-10.10/IOUSBInterface.h</key>
		<data>
		brOptK5dVYM5LNQFMsurhgXgo0A=
		</data>
		<key>Resources/IOKit-10.10/IOUSBMassStorageClass.h</key>
		<data>
		MWb8xTl3y/7zQtmaH5eWXTTAt74=
		</data>
		<key>Resources/IOKit-10.10/IOUSBNub.h</key>
		<data>
		oHb8XteIDhlLSkzrgWITvxgS+/o=
		</data>
		<key>Resources/IOKit-10.10/IOUSBPipe.h</key>
		<data>
		5Ey5Z5MsdpYhw5wsAGbLfut+hSE=
		</data>
		<key>Resources/IOKit-10.10/IOUSBPipeV2.h</key>
		<data>
		1xy5V8TlMk/1bVyE/H23waKIqf0=
		</data>
		<key>Resources/IOKit-10.10/IOUSBRootHubDevice.h</key>
		<data>
		4IQ+PvFHGuFhISuubBeexWgblDo=
		</data>
		<key>Resources/IOKit-10.10/IOUSBUserClient.h</key>
		<data>
		bI3kMXlO9BDLd+QPI1yArqe7MJI=
		</data>
		<key>Resources/IOKit-10.10/IOUSBWorkLoop.h</key>
		<data>
		1tp5jp8MFYOk0JUDDo4OWHMlAg4=
		</data>
		<key>Resources/IOKit-10.10/USB.h</key>
		<data>
		At7p2BTdXcI4VH9myAjfRa0L6ss=
		</data>
		<key>Resources/IOKit-10.10/USBHub.h</key>
		<data>
		GPthbB/P0pzvt14qJ/uTxu9lieY=
		</data>
		<key>Resources/IOKit-10.10/USBSpec.h</key>
		<data>
		DDkigieLyoQNy1ViPMO2UIgehGw=
		</data>
	</dict>
	<key>files2</key>
	<dict>
		<key>Resources/IOKit-10.10/IOUSBBus.h</key>
		<dict>
			<key>hash</key>
			<data>
			vMhcDXm8b7VAiKJuVuwjbgjOdY8=
			</data>
			<key>hash2</key>
			<data>
			gXzYQHXA5BKNJJA6B1jj43XYnpuscvQmThq6exwQaSc=
			</data>
		</dict>
		<key>Resources/IOKit-10.10/IOUSBCommand.h</key>
		<dict>
			<key>hash</key>
			<data>
			piuiNyjvf4wWNYBNkJQ8HSwNOZU=
			</data>
			<key>hash2</key>
			<data>
			1c3s9KkII9OTqXQ95Ql2Xw+v0RRMOO7wPsTFqKSxNCo=
			</data>
		</dict>
		<key>Resources/IOKit-10.10/IOUSBController.h</key>
		<dict>
			<key>hash</key>
			<data>
			d5dmiovGP1psr3TsN+hdb/bRZ+0=
			</data>
			<key>hash2</key>
			<data>
			1Ld6JuukgPkfwVJN0R6+pisEUAdNoBzd/dhEhTfMCLw=
			</data>
		</dict>
		<key>Resources/IOKit-10.10/IOUSBControllerListElement.h</key>
		<dict>
			<key>hash</key>
			<data>
			e/bDFNnXaoeQXheQXiP4lHeJxv4=
			</data>
			<key>hash2</key>
			<data>
			rRQ1dxz12RqZtYQ3hIzMGE2TWCVqZpkiIYOYyPoO4H4=
			</data>
		</dict>
		<key>Resources/IOKit-10.10/IOUSBControllerV2.h</key>
		<dict>
			<key>hash</key>
			<data>
			4iiCDVYapkMELUxv4KvmPmh24Lo=
			</data>
			<key>hash2</key>
			<data>
			55HarlDAaaIEhUhgJuVQWOiazaA8QKL69KyLjnGVgXE=
			</data>
		</dict>
		<key>Resources/IOKit-10.10/IOUSBControllerV3.h</key>
		<dict>
			<key>hash</key>
			<data>
			aXbg2q9XROsbQ6UNyZjgqCVh7kw=
			</data>
			<key>hash2</key>
			<data>
			7YCBf0KGKa0EMA2qrlRr7AlRjQrIMRrVPSR4hcKJsiA=
			</data>
		</dict>
		<key>Resources/IOKit-10.10/IOUSBDevice.h</key>
		<dict>
			<key>hash</key>
			<data>
			jGjhxJPICVqblDVbDlp7S05oip4=
			</data>
			<key>hash2</key>
			<data>
			p6OLtZX3g8srLo8ph/fveUDzIO+bt2xm+lhBeRGQ56w=
			</data>
		</dict>
		<key>Resources/IOKit-10.10/IOUSBHubDevice.h</key>
		<dict>
			<key>hash</key>
			<data>
			JXOAWyiBzAqq6lkq9UC+RP4F5DY=
			</data>
			<key>hash2</key>
			<data>
			AZTX4lukjzWAMpca1UOo89bBDmwbI9mJ6rV9NEBNB+o=
			</data>
		</dict>
		<key>Resources/IOKit-10.10/IOUSBHubPolicyMaker.h</key>
		<dict>
			<key>hash</key>
			<data>
			yjcoq07KLjSiZ+8aRDWrMdPM1DU=
			</data>
			<key>hash2</key>
			<data>
			GZpa0+jbi/2gcN32EDX/kUPHYVxJUC6OofgyXQ9Bqb8=
			</data>
		</dict>
		<key>Resources/IOKit-10.10/IOUSBInterface.h</key>
		<dict>
			<key>hash</key>
			<data>
			brOptK5dVYM5LNQFMsurhgXgo0A=
			</data>
			<key>hash2</key>
			<data>
			8Pguvdb8VUDvyw01sNs3UykXam17vlygNS6GY3g3DpQ=
			</data>
		</dict>
		<key>Resources/IOKit-10.10/IOUSBMassStorageClass.h</key>
		<dict>
			<key>hash</key>
			<data>
			MWb8xTl3y/7zQtmaH5eWXTTAt74=
			</data>
			<key>hash2</key>
			<data>
			1ldWlwmiXUCob/0ruOnAYDUw94WImzui3y6Xpb7oP0o=
			</data>
		</dict>
		<key>Resources/IOKit-10.10/IOUSBNub.h</key>
		<dict>
			<key>hash</key>
			<data>
			oHb8XteIDhlLSkzrgWITvxgS+/o=
			</data>
			<key>hash2</key>
			<data>
			r0FHGDjYxEJmNuYFBrrUna7UcuelqmjCjPQINP9M73s=
			</data>
		</dict>
		<key>Resources/IOKit-10.10/IOUSBPipe.h</key>
		<dict>
			<key>hash</key>
			<data>
			5Ey5Z5MsdpYhw5wsAGbLfut+hSE=
			</data>
			<key>hash2</key>
			<data>
			6o4DchYYlyC6iyMS4xzDgzSw7dJPm95dvzaMitm0qSE=
			</data>
		</dict>
		<key>Resources/IOKit-10.10/IOUSBPipeV2.h</key>
		<dict>
			<key>hash</key>
			<data>
			1xy5V8TlMk/1bVyE/H23waKIqf0=
			</data>
			<key>hash2</key>
			<data>
			YFMyirCFQf8kTuzuRgdX0QMT+UwiZnPNjh9MxCDHzBg=
			</data>
		</dict>
		<key>Resources/IOKit-10.10/IOUSBRootHubDevice.h</key>
		<dict>
			<key>hash</key>
			<data>
			4IQ+PvFHGuFhISuubBeexWgblDo=
			</data>
			<key>hash2</key>
			<data>
			djSIV2WfGAfMT/U/PgHj4+nR3p6BOWYh3u17tH/QSR4=
			</data>
		</dict>
		<key>Resources/IOKit-10.10/IOUSBUserClient.h</key>
		<dict>
			<key>hash</key>
			<data>
			bI3kMXlO9BDLd+QPI1yArqe7MJI=
			</data>
			<key>hash2</key>
			<data>
			QI1qG5l8l30FVbBIK8n4lRfUixVikStwxx/+NBcP3WI=
			</data>
		</dict>
		<key>Resources/IOKit-10.10/IOUSBWorkLoop.h</key>
		<dict>
			<key>hash</key>
			<data>
			1tp5jp8MFYOk0JUDDo4OWHMlAg4=
			</data>
			<key>hash2</key>
			<data>
			OVktsnTw9bkIMNaMgsCK4Yu2H0zGoijxaUFvHAxKUmU=
			</data>
		</dict>
		<key>Resources/IOKit-10.10/USB.h</key>
		<dict>
			<key>hash</key>
			<data>
			At7p2BTdXcI4VH9myAjfRa0L6ss=
			</data>
			<key>hash2</key>
			<data>
			+41JIL16/Q0VCO4M5e920Eb4wUIFASLTn52cu5a/WPk=
			</data>
		</dict>
		<key>Resources/IOKit-10.10/USBHub.h</key>
		<dict>
			<key>hash</key>
			<data>
			GPthbB/P0pzvt14qJ/uTxu9lieY=
			</data>
			<key>hash2</key>
			<data>
			6Mzp6TrjT8UIjQIJ1Mz1lY8J00/o05A7lpBUaEgnmHk=
			</data>
		</dict>
		<key>Resources/IOKit-10.10/USBSpec.h</key>
		<dict>
			<key>hash</key>
			<data>
			DDkigieLyoQNy1ViPMO2UIgehGw=
			</data>
			<key>hash2</key>
			<data>
			jLU9Cz+1mmPSaM1CsMvZhSbB0SZA6Zj9/8EC2IBtAAY=
			</data>
		</dict>
	</dict>
	<key>rules</key>
	<dict>
		<key>^Resources/</key>
		<true/>
		<key>^Resources/.*\.lproj/</key>
		<dict>
			<key>optional</key>
			<true/>
			<key>weight</key>
			<real>1000</real>
		</dict>
		<key>^Resources/.*\.lproj/locversion.plist$</key>
		<dict>
			<key>omit</key>
			<true/>
			<key>weight</key>
			<real>1100</real>
		</dict>
		<key>^Resources/Base\.lproj/</key>
		<dict>
			<key>weight</key>
			<real>1010</real>
		</dict>
		<key>^version.plist$</key>
		<true/>
	</dict>
	<key>rules2</key>
	<dict>
		<key>.*\.dSYM($|/)</key>
		<dict>
			<key>weight</key>
			<real>11</real>
		</dict>
		<key>^(.*/)?\.DS_Store$</key>
		<dict>
			<key>omit</key>
			<true/>
			<key>weight</key>
			<real>2000</real>
		</dict>
		<key>^(Frameworks|SharedFrameworks|PlugIns|Plug-ins|XPCServices|Helpers|MacOS|Library/(Automator|Spotlight|LoginItems))/</key>
		<dict>
			<key>nested</key>
			<true/>
			<key>weight</key>
			<real>10</real>
		</dict>
		<key>^.*</key>
		<true/>
		<key>^Info\.plist$</key>
		<dict>
			<key>omit</key>
			<true/>
			<key>weight</key>
			<real>20</real>
		</dict>
		<key>^PkgInfo$</key>
		<dict>
			<key>omit</key>
			<true/>
			<key>weight</key>
			<real>20</real>
		</dict>
		<key>^Resources/</key>
		<dict>
			<key>weight</key>
			<real>20</real>
		</dict>
		<key>^Resources/.*\.lproj/</key>
		<dict>
			<key>optional</key>
			<true/>
			<key>weight</key>
			<real>1000</real>
		</dict>
		<key>^Resources/.*\.lproj/locversion.plist$</key>
		<dict>
			<key>omit</key>
			<true/>
			<key>weight</key>
			<real>1100</real>
		</dict>
		<key>^Resources/Base\.lproj/</key>
		<dict>
			<key>weight</key>
			<real>1010</real>
		</dict>
		<key>^[^/]+$</key>
		<dict>
			<key>nested</key>
			<true/>
			<key>weight</key>
			<real>10</real>
		</dict>
		<key>^embedded\.provisionprofile$</key>
		<dict>
			<key>weight</key>
			<real>20</real>
		</dict>
		<key>^version\.plist$</key>
		<dict>
			<key>weight</key>
			<real>20</real>
		</dict>
	</dict>
</dict>
</plist>
